neighborhood,date,level,zone
Downtown Houston,2017-08-26 04:00:00,7, Downtown Northwest
Kingwood,2017-08-26 04:00:00,3, Northeast
Meyerland,2017-08-26 04:00:00,7, South
River Oaks,2017-08-26 04:00:00,10, Downtown South
Midtown,2017-08-26 04:00:00,7, Downtown South
Chinatown,2017-08-26 04:00:00,8, South
Clear Lake,2017-08-26 04:00:00,4, South
Greater Third Ward,2017-08-26 04:00:00,1, Downtown South
Uptown,2017-08-26 04:00:00,8, Downtown South
Museum District,2017-08-26 04:00:00,5, Downtown South
Clear Lake City,2017-08-26 04:00:00,7, South
Memorial City,2017-08-26 04:00:00,1, Downtown Northwest
Afton Oaks,2017-08-26 04:00:00,4, Downtown South
Denver Harbor,2017-08-26 04:00:00,6, Northeast
Upper Kirby,2017-08-26 04:00:00,1, Downtown South
Shepherd Park Plaza,2017-08-26 04:00:00,3, Downtown Northwest
Independence Heights,2017-08-26 04:00:00,9, Downtown Northwest
Tomball,2017-08-26 04:00:00,7, North and West
Willow,2017-08-26 04:00:00,4, North and West
Hufsmith,2017-08-26 04:00:00,9, North and West
Downtown Houston,2017-08-26 07:40:00,6, Downtown Northwest
Kingwood,2017-08-26 07:40:00,4, Northeast
Meyerland,2017-08-26 07:40:00,2, South
River Oaks,2017-08-26 07:40:00,4, Downtown South
Midtown,2017-08-26 07:40:00,2, Downtown South
Chinatown,2017-08-26 07:40:00,10, South
Clear Lake,2017-08-26 07:40:00,3, South
Greater Third Ward,2017-08-26 07:40:00,6, Downtown South
Uptown,2017-08-26 07:40:00,0, Downtown South
Museum District,2017-08-26 07:40:00,10, Downtown South
Clear Lake City,2017-08-26 07:40:00,3, South
Memorial City,2017-08-26 07:40:00,5, Downtown Northwest
Afton Oaks,2017-08-26 07:40:00,8, Downtown South
Denver Harbor,2017-08-26 07:40:00,10, Northeast
Upper Kirby,2017-08-26 07:40:00,5, Downtown South
Shepherd Park Plaza,2017-08-26 07:40:00,8, Downtown Northwest
Independence Heights,2017-08-26 07:40:00,0, Downtown Northwest
Tomball,2017-08-26 07:40:00,2, North and West
Willow,2017-08-26 07:40:00,7, North and West
Hufsmith,2017-08-26 07:40:00,2, North and West
Downtown Houston,2017-08-26 11:20:00,2, Downtown Northwest
Kingwood,2017-08-26 11:20:00,10, Northeast
Meyerland,2017-08-26 11:20:00,6, South
River Oaks,2017-08-26 11:20:00,6, Downtown South
Midtown,2017-08-26 11:20:00,8, Downtown South
Chinatown,2017-08-26 11:20:00,9, South
Clear Lake,2017-08-26 11:20:00,7, South
Greater Third Ward,2017-08-26 11:20:00,8, Downtown South
Uptown,2017-08-26 11:20:00,9, Downtown South
Museum District,2017-08-26 11:20:00,6, Downtown South
Clear Lake City,2017-08-26 11:20:00,1, South
Memorial City,2017-08-26 11:20:00,4, Downtown Northwest
Afton Oaks,2017-08-26 11:20:00,2, Downtown South
Denver Harbor,2017-08-26 11:20:00,4, Northeast
Upper Kirby,2017-08-26 11:20:00,3, Downtown South
Shepherd Park Plaza,2017-08-26 11:20:00,10, Downtown Northwest
Independence Heights,2017-08-26 11:20:00,3, Downtown Northwest
Tomball,2017-08-26 11:20:00,6, North and West
Willow,2017-08-26 11:20:00,10, North and West
Hufsmith,2017-08-26 11:20:00,5, North and West
Downtown Houston,2017-08-26 15:00:00,5, Downtown Northwest
Kingwood,2017-08-26 15:00:00,1, Northeast
Meyerland,2017-08-26 15:00:00,1, South
River Oaks,2017-08-26 15:00:00,10, Downtown South
Midtown,2017-08-26 15:00:00,7, Downtown South
Chinatown,2017-08-26 15:00:00,2, South
Clear Lake,2017-08-26 15:00:00,0, South
Greater Third Ward,2017-08-26 15:00:00,0, Downtown South
Uptown,2017-08-26 15:00:00,8, Downtown South
Museum District,2017-08-26 15:00:00,3, Downtown South
Clear Lake City,2017-08-26 15:00:00,1, South
Memorial City,2017-08-26 15:00:00,10, Downtown Northwest
Afton Oaks,2017-08-26 15:00:00,5, Downtown South
Denver Harbor,2017-08-26 15:00:00,10, Northeast
Upper Kirby,2017-08-26 15:00:00,9, Downtown South
Shepherd Park Plaza,2017-08-26 15:00:00,1, Downtown Northwest
Independence Heights,2017-08-26 15:00:00,0, Downtown Northwest
Tomball,2017-08-26 15:00:00,5, North and West
Willow,2017-08-26 15:00:00,10, North and West
Hufsmith,2017-08-26 15:00:00,1, North and West
Downtown Houston,2017-08-26 18:40:00,4, Downtown Northwest
Kingwood,2017-08-26 18:40:00,6, Northeast
Meyerland,2017-08-26 18:40:00,0, South
River Oaks,2017-08-26 18:40:00,5, Downtown South
Midtown,2017-08-26 18:40:00,9, Downtown South
Chinatown,2017-08-26 18:40:00,9, South
Clear Lake,2017-08-26 18:40:00,10, South
Greater Third Ward,2017-08-26 18:40:00,6, Downtown South
Uptown,2017-08-26 18:40:00,1, Downtown South
Museum District,2017-08-26 18:40:00,3, Downtown South
Clear Lake City,2017-08-26 18:40:00,9, South
Memorial City,2017-08-26 18:40:00,1, Downtown Northwest
Afton Oaks,2017-08-26 18:40:00,7, Downtown South
Denver Harbor,2017-08-26 18:40:00,8, Northeast
Upper Kirby,2017-08-26 18:40:00,0, Downtown South
Shepherd Park Plaza,2017-08-26 18:40:00,3, Downtown Northwest
Independence Heights,2017-08-26 18:40:00,10, Downtown Northwest
Tomball,2017-08-26 18:40:00,8, North and West
Willow,2017-08-26 18:40:00,4, North and West
Hufsmith,2017-08-26 18:40:00,1, North and West
Downtown Houston,2017-08-26 22:20:00,5, Downtown Northwest
Kingwood,2017-08-26 22:20:00,2, Northeast
Meyerland,2017-08-26 22:20:00,3, South
River Oaks,2017-08-26 22:20:00,6, Downtown South
Midtown,2017-08-26 22:20:00,0, Downtown South
Chinatown,2017-08-26 22:20:00,6, South
Clear Lake,2017-08-26 22:20:00,6, South
Greater Third Ward,2017-08-26 22:20:00,4, Downtown South
Uptown,2017-08-26 22:20:00,10, Downtown South
Museum District,2017-08-26 22:20:00,6, Downtown South
Clear Lake City,2017-08-26 22:20:00,9, South
Memorial City,2017-08-26 22:20:00,6, Downtown Northwest
Afton Oaks,2017-08-26 22:20:00,6, Downtown South
Denver Harbor,2017-08-26 22:20:00,9, Northeast
Upper Kirby,2017-08-26 22:20:00,10, Downtown South
Shepherd Park Plaza,2017-08-26 22:20:00,6, Downtown Northwest
Independence Heights,2017-08-26 22:20:00,5, Downtown Northwest
Tomball,2017-08-26 22:20:00,1, North and West
Willow,2017-08-26 22:20:00,10, North and West
Hufsmith,2017-08-26 22:20:00,9, North and West
Downtown Houston,2017-08-27 02:00:00,8, Downtown Northwest
Kingwood,2017-08-27 02:00:00,3, Northeast
Meyerland,2017-08-27 02:00:00,8, South
River Oaks,2017-08-27 02:00:00,3, Downtown South
Midtown,2017-08-27 02:00:00,9, Downtown South
Chinatown,2017-08-27 02:00:00,8, South
Clear Lake,2017-08-27 02:00:00,9, South
Greater Third Ward,2017-08-27 02:00:00,6, Downtown South
Uptown,2017-08-27 02:00:00,2, Downtown South
Museum District,2017-08-27 02:00:00,1, Downtown South
Clear Lake City,2017-08-27 02:00:00,6, South
Memorial City,2017-08-27 02:00:00,9, Downtown Northwest
Afton Oaks,2017-08-27 02:00:00,0, Downtown South
Denver Harbor,2017-08-27 02:00:00,4, Northeast
Upper Kirby,2017-08-27 02:00:00,1, Downtown South
Shepherd Park Plaza,2017-08-27 02:00:00,8, Downtown Northwest
Independence Heights,2017-08-27 02:00:00,1, Downtown Northwest
Tomball,2017-08-27 02:00:00,2, North and West
Willow,2017-08-27 02:00:00,4, North and West
Hufsmith,2017-08-27 02:00:00,4, North and West
Downtown Houston,2017-08-27 05:40:00,10, Downtown Northwest
Kingwood,2017-08-27 05:40:00,2, Northeast
Meyerland,2017-08-27 05:40:00,0, South
River Oaks,2017-08-27 05:40:00,6, Downtown South
Midtown,2017-08-27 05:40:00,10, Downtown South
Chinatown,2017-08-27 05:40:00,0, South
Clear Lake,2017-08-27 05:40:00,6, South
Greater Third Ward,2017-08-27 05:40:00,0, Downtown South
Uptown,2017-08-27 05:40:00,3, Downtown South
Museum District,2017-08-27 05:40:00,5, Downtown South
Clear Lake City,2017-08-27 05:40:00,3, South
Memorial City,2017-08-27 05:40:00,0, Downtown Northwest
Afton Oaks,2017-08-27 05:40:00,6, Downtown South
Denver Harbor,2017-08-27 05:40:00,10, Northeast
Upper Kirby,2017-08-27 05:40:00,3, Downtown South
Shepherd Park Plaza,2017-08-27 05:40:00,2, Downtown Northwest
Independence Heights,2017-08-27 05:40:00,10, Downtown Northwest
Tomball,2017-08-27 05:40:00,6, North and West
Willow,2017-08-27 05:40:00,2, North and West
Hufsmith,2017-08-27 05:40:00,5, North and West
Downtown Houston,2017-08-27 09:20:00,9, Downtown Northwest
Kingwood,2017-08-27 09:20:00,2, Northeast
Meyerland,2017-08-27 09:20:00,9, South
River Oaks,2017-08-27 09:20:00,2, Downtown South
Midtown,2017-08-27 09:20:00,9, Downtown South
Chinatown,2017-08-27 09:20:00,5, South
Clear Lake,2017-08-27 09:20:00,0, South
Greater Third Ward,2017-08-27 09:20:00,3, Downtown South
Uptown,2017-08-27 09:20:00,3, Downtown South
Museum District,2017-08-27 09:20:00,5, Downtown South
Clear Lake City,2017-08-27 09:20:00,10, South
Memorial City,2017-08-27 09:20:00,1, Downtown Northwest
Afton Oaks,2017-08-27 09:20:00,3, Downtown South
Denver Harbor,2017-08-27 09:20:00,7, Northeast
Upper Kirby,2017-08-27 09:20:00,1, Downtown South
Shepherd Park Plaza,2017-08-27 09:20:00,4, Downtown Northwest
Independence Heights,2017-08-27 09:20:00,10, Downtown Northwest
Tomball,2017-08-27 09:20:00,4, North and West
Willow,2017-08-27 09:20:00,5, North and West
Hufsmith,2017-08-27 09:20:00,10, North and West
Downtown Houston,2017-08-27 13:00:00,5, Downtown Northwest
Kingwood,2017-08-27 13:00:00,8, Northeast
Meyerland,2017-08-27 13:00:00,3, South
River Oaks,2017-08-27 13:00:00,7, Downtown South
Midtown,2017-08-27 13:00:00,1, Downtown South
Chinatown,2017-08-27 13:00:00,8, South
Clear Lake,2017-08-27 13:00:00,7, South
Greater Third Ward,2017-08-27 13:00:00,9, Downtown South
Uptown,2017-08-27 13:00:00,8, Downtown South
Museum District,2017-08-27 13:00:00,7, Downtown South
Clear Lake City,2017-08-27 13:00:00,4, South
Memorial City,2017-08-27 13:00:00,2, Downtown Northwest
Afton Oaks,2017-08-27 13:00:00,8, Downtown South
Denver Harbor,2017-08-27 13:00:00,2, Northeast
Upper Kirby,2017-08-27 13:00:00,5, Downtown South
Shepherd Park Plaza,2017-08-27 13:00:00,9, Downtown Northwest
Independence Heights,2017-08-27 13:00:00,6, Downtown Northwest
Tomball,2017-08-27 13:00:00,7, North and West
Willow,2017-08-27 13:00:00,9, North and West
Hufsmith,2017-08-27 13:00:00,4, North and West
Downtown Houston,2017-08-27 16:40:00,9, Downtown Northwest
Kingwood,2017-08-27 16:40:00,3, Northeast
Meyerland,2017-08-27 16:40:00,9, South
River Oaks,2017-08-27 16:40:00,5, Downtown South
Midtown,2017-08-27 16:40:00,3, Downtown South
Chinatown,2017-08-27 16:40:00,1, South
Clear Lake,2017-08-27 16:40:00,5, South
Greater Third Ward,2017-08-27 16:40:00,5, Downtown South
Uptown,2017-08-27 16:40:00,8, Downtown South
Museum District,2017-08-27 16:40:00,0, Downtown South
Clear Lake City,2017-08-27 16:40:00,1, South
Memorial City,2017-08-27 16:40:00,4, Downtown Northwest
Afton Oaks,2017-08-27 16:40:00,2, Downtown South
Denver Harbor,2017-08-27 16:40:00,0, Northeast
Upper Kirby,2017-08-27 16:40:00,7, Downtown South
Shepherd Park Plaza,2017-08-27 16:40:00,4, Downtown Northwest
Independence Heights,2017-08-27 16:40:00,9, Downtown Northwest
Tomball,2017-08-27 16:40:00,4, North and West
Willow,2017-08-27 16:40:00,9, North and West
Hufsmith,2017-08-27 16:40:00,3, North and West
Downtown Houston,2017-08-27 20:20:00,8, Downtown Northwest
Kingwood,2017-08-27 20:20:00,0, Northeast
Meyerland,2017-08-27 20:20:00,10, South
River Oaks,2017-08-27 20:20:00,0, Downtown South
Midtown,2017-08-27 20:20:00,10, Downtown South
Chinatown,2017-08-27 20:20:00,0, South
Clear Lake,2017-08-27 20:20:00,5, South
Greater Third Ward,2017-08-27 20:20:00,0, Downtown South
Uptown,2017-08-27 20:20:00,10, Downtown South
Museum District,2017-08-27 20:20:00,9, Downtown South
Clear Lake City,2017-08-27 20:20:00,3, South
Memorial City,2017-08-27 20:20:00,1, Downtown Northwest
Afton Oaks,2017-08-27 20:20:00,2, Downtown South
Denver Harbor,2017-08-27 20:20:00,5, Northeast
Upper Kirby,2017-08-27 20:20:00,3, Downtown South
Shepherd Park Plaza,2017-08-27 20:20:00,9, Downtown Northwest
Independence Heights,2017-08-27 20:20:00,4, Downtown Northwest
Tomball,2017-08-27 20:20:00,10, North and West
Willow,2017-08-27 20:20:00,1, North and West
Hufsmith,2017-08-27 20:20:00,9, North and West
Downtown Houston,2017-08-28 00:00:00,8, Downtown Northwest
Kingwood,2017-08-28 00:00:00,0, Northeast
Meyerland,2017-08-28 00:00:00,6, South
River Oaks,2017-08-28 00:00:00,7, Downtown South
Midtown,2017-08-28 00:00:00,7, Downtown South
Chinatown,2017-08-28 00:00:00,9, South
Clear Lake,2017-08-28 00:00:00,0, South
Greater Third Ward,2017-08-28 00:00:00,2, Downtown South
Uptown,2017-08-28 00:00:00,3, Downtown South
Museum District,2017-08-28 00:00:00,8, Downtown South
Clear Lake City,2017-08-28 00:00:00,9, South
Memorial City,2017-08-28 00:00:00,1, Downtown Northwest
Afton Oaks,2017-08-28 00:00:00,10, Downtown South
Denver Harbor,2017-08-28 00:00:00,0, Northeast
Upper Kirby,2017-08-28 00:00:00,4, Downtown South
Shepherd Park Plaza,2017-08-28 00:00:00,5, Downtown Northwest
Independence Heights,2017-08-28 00:00:00,3, Downtown Northwest
Tomball,2017-08-28 00:00:00,0, North and West
Willow,2017-08-28 00:00:00,8, North and West
Hufsmith,2017-08-28 00:00:00,2, North and West
Downtown Houston,2017-08-28 03:40:00,0, Downtown Northwest
Kingwood,2017-08-28 03:40:00,1, Northeast
Meyerland,2017-08-28 03:40:00,10, South
River Oaks,2017-08-28 03:40:00,10, Downtown South
Midtown,2017-08-28 03:40:00,10, Downtown South
Chinatown,2017-08-28 03:40:00,0, South
Clear Lake,2017-08-28 03:40:00,9, South
Greater Third Ward,2017-08-28 03:40:00,7, Downtown South
Uptown,2017-08-28 03:40:00,4, Downtown South
Museum District,2017-08-28 03:40:00,6, Downtown South
Clear Lake City,2017-08-28 03:40:00,2, South
Memorial City,2017-08-28 03:40:00,5, Downtown Northwest
Afton Oaks,2017-08-28 03:40:00,7, Downtown South
Denver Harbor,2017-08-28 03:40:00,8, Northeast
Upper Kirby,2017-08-28 03:40:00,3, Downtown South
Shepherd Park Plaza,2017-08-28 03:40:00,2, Downtown Northwest
Independence Heights,2017-08-28 03:40:00,0, Downtown Northwest
Tomball,2017-08-28 03:40:00,10, North and West
Willow,2017-08-28 03:40:00,5, North and West
Hufsmith,2017-08-28 03:40:00,5, North and West
Downtown Houston,2017-08-28 07:20:00,10, Downtown Northwest
Kingwood,2017-08-28 07:20:00,1, Northeast
Meyerland,2017-08-28 07:20:00,4, South
River Oaks,2017-08-28 07:20:00,1, Downtown South
Midtown,2017-08-28 07:20:00,1, Downtown South
Chinatown,2017-08-28 07:20:00,2, South
Clear Lake,2017-08-28 07:20:00,0, South
Greater Third Ward,2017-08-28 07:20:00,1, Downtown South
Uptown,2017-08-28 07:20:00,3, Downtown South
Museum District,2017-08-28 07:20:00,3, Downtown South
Clear Lake City,2017-08-28 07:20:00,5, South
Memorial City,2017-08-28 07:20:00,5, Downtown Northwest
Afton Oaks,2017-08-28 07:20:00,10, Downtown South
Denver Harbor,2017-08-28 07:20:00,6, Northeast
Upper Kirby,2017-08-28 07:20:00,2, Downtown South
Shepherd Park Plaza,2017-08-28 07:20:00,5, Downtown Northwest
Independence Heights,2017-08-28 07:20:00,0, Downtown Northwest
Tomball,2017-08-28 07:20:00,5, North and West
Willow,2017-08-28 07:20:00,4, North and West
Hufsmith,2017-08-28 07:20:00,7, North and West
Downtown Houston,2017-08-28 11:00:00,7, Downtown Northwest
Kingwood,2017-08-28 11:00:00,5, Northeast
Meyerland,2017-08-28 11:00:00,2, South
River Oaks,2017-08-28 11:00:00,8, Downtown South
Midtown,2017-08-28 11:00:00,8, Downtown South
Chinatown,2017-08-28 11:00:00,3, South
Clear Lake,2017-08-28 11:00:00,2, South
Greater Third Ward,2017-08-28 11:00:00,1, Downtown South
Uptown,2017-08-28 11:00:00,0, Downtown South
Museum District,2017-08-28 11:00:00,5, Downtown South
Clear Lake City,2017-08-28 11:00:00,2, South
Memorial City,2017-08-28 11:00:00,4, Downtown Northwest
Afton Oaks,2017-08-28 11:00:00,5, Downtown South
Denver Harbor,2017-08-28 11:00:00,4, Northeast
Upper Kirby,2017-08-28 11:00:00,3, Downtown South
Shepherd Park Plaza,2017-08-28 11:00:00,7, Downtown Northwest
Independence Heights,2017-08-28 11:00:00,6, Downtown Northwest
Tomball,2017-08-28 11:00:00,7, North and West
Willow,2017-08-28 11:00:00,4, North and West
Hufsmith,2017-08-28 11:00:00,0, North and West
Downtown Houston,2017-08-28 14:40:00,4, Downtown Northwest
Kingwood,2017-08-28 14:40:00,0, Northeast
Meyerland,2017-08-28 14:40:00,9, South
River Oaks,2017-08-28 14:40:00,2, Downtown South
Midtown,2017-08-28 14:40:00,2, Downtown South
Chinatown,2017-08-28 14:40:00,4, South
Clear Lake,2017-08-28 14:40:00,1, South
Greater Third Ward,2017-08-28 14:40:00,1, Downtown South
Uptown,2017-08-28 14:40:00,7, Downtown South
Museum District,2017-08-28 14:40:00,5, Downtown South
Clear Lake City,2017-08-28 14:40:00,8, South
Memorial City,2017-08-28 14:40:00,3, Downtown Northwest
Afton Oaks,2017-08-28 14:40:00,3, Downtown South
Denver Harbor,2017-08-28 14:40:00,6, Northeast
Upper Kirby,2017-08-28 14:40:00,10, Downtown South
Shepherd Park Plaza,2017-08-28 14:40:00,5, Downtown Northwest
Independence Heights,2017-08-28 14:40:00,4, Downtown Northwest
Tomball,2017-08-28 14:40:00,2, North and West
Willow,2017-08-28 14:40:00,1, North and West
Hufsmith,2017-08-28 14:40:00,10, North and West
Downtown Houston,2017-08-28 18:20:00,6, Downtown Northwest
Kingwood,2017-08-28 18:20:00,3, Northeast
Meyerland,2017-08-28 18:20:00,1, South
River Oaks,2017-08-28 18:20:00,5, Downtown South
Midtown,2017-08-28 18:20:00,3, Downtown South
Chinatown,2017-08-28 18:20:00,10, South
Clear Lake,2017-08-28 18:20:00,1, South
Greater Third Ward,2017-08-28 18:20:00,4, Downtown South
Uptown,2017-08-28 18:20:00,7, Downtown South
Museum District,2017-08-28 18:20:00,5, Downtown South
Clear Lake City,2017-08-28 18:20:00,6, South
Memorial City,2017-08-28 18:20:00,4, Downtown Northwest
Afton Oaks,2017-08-28 18:20:00,6, Downtown South
Denver Harbor,2017-08-28 18:20:00,8, Northeast
Upper Kirby,2017-08-28 18:20:00,7, Downtown South
Shepherd Park Plaza,2017-08-28 18:20:00,6, Downtown Northwest
Independence Heights,2017-08-28 18:20:00,3, Downtown Northwest
Tomball,2017-08-28 18:20:00,3, North and West
Willow,2017-08-28 18:20:00,10, North and West
Hufsmith,2017-08-28 18:20:00,9, North and West
Downtown Houston,2017-08-28 22:00:00,4, Downtown Northwest
Kingwood,2017-08-28 22:00:00,2, Northeast
Meyerland,2017-08-28 22:00:00,7, South
River Oaks,2017-08-28 22:00:00,5, Downtown South
Midtown,2017-08-28 22:00:00,2, Downtown South
Chinatown,2017-08-28 22:00:00,2, South
Clear Lake,2017-08-28 22:00:00,1, South
Greater Third Ward,2017-08-28 22:00:00,1, Downtown South
Uptown,2017-08-28 22:00:00,7, Downtown South
Museum District,2017-08-28 22:00:00,8, Downtown South
Clear Lake City,2017-08-28 22:00:00,9, South
Memorial City,2017-08-28 22:00:00,7, Downtown Northwest
Afton Oaks,2017-08-28 22:00:00,6, Downtown South
Denver Harbor,2017-08-28 22:00:00,10, Northeast
Upper Kirby,2017-08-28 22:00:00,2, Downtown South
Shepherd Park Plaza,2017-08-28 22:00:00,9, Downtown Northwest
Independence Heights,2017-08-28 22:00:00,1, Downtown Northwest
Tomball,2017-08-28 22:00:00,7, North and West
Willow,2017-08-28 22:00:00,5, North and West
Hufsmith,2017-08-28 22:00:00,6, North and West
Downtown Houston,2017-08-29 01:40:00,10, Downtown Northwest
Kingwood,2017-08-29 01:40:00,10, Northeast
Meyerland,2017-08-29 01:40:00,7, South
River Oaks,2017-08-29 01:40:00,2, Downtown South
Midtown,2017-08-29 01:40:00,10, Downtown South
Chinatown,2017-08-29 01:40:00,10, South
Clear Lake,2017-08-29 01:40:00,6, South
Greater Third Ward,2017-08-29 01:40:00,3, Downtown South
Uptown,2017-08-29 01:40:00,6, Downtown South
Museum District,2017-08-29 01:40:00,0, Downtown South
Clear Lake City,2017-08-29 01:40:00,6, South
Memorial City,2017-08-29 01:40:00,1, Downtown Northwest
Afton Oaks,2017-08-29 01:40:00,10, Downtown South
Denver Harbor,2017-08-29 01:40:00,2, Northeast
Upper Kirby,2017-08-29 01:40:00,9, Downtown South
Shepherd Park Plaza,2017-08-29 01:40:00,5, Downtown Northwest
Independence Heights,2017-08-29 01:40:00,4, Downtown Northwest
Tomball,2017-08-29 01:40:00,0, North and West
Willow,2017-08-29 01:40:00,3, North and West
Hufsmith,2017-08-29 01:40:00,5, North and West
Downtown Houston,2017-08-29 05:20:00,6, Downtown Northwest
Kingwood,2017-08-29 05:20:00,3, Northeast
Meyerland,2017-08-29 05:20:00,5, South
River Oaks,2017-08-29 05:20:00,1, Downtown South
Midtown,2017-08-29 05:20:00,3, Downtown South
Chinatown,2017-08-29 05:20:00,5, South
Clear Lake,2017-08-29 05:20:00,7, South
Greater Third Ward,2017-08-29 05:20:00,2, Downtown South
Uptown,2017-08-29 05:20:00,8, Downtown South
Museum District,2017-08-29 05:20:00,1, Downtown South
Clear Lake City,2017-08-29 05:20:00,7, South
Memorial City,2017-08-29 05:20:00,7, Downtown Northwest
Afton Oaks,2017-08-29 05:20:00,6, Downtown South
Denver Harbor,2017-08-29 05:20:00,1, Northeast
Upper Kirby,2017-08-29 05:20:00,2, Downtown South
Shepherd Park Plaza,2017-08-29 05:20:00,7, Downtown Northwest
Independence Heights,2017-08-29 05:20:00,10, Downtown Northwest
Tomball,2017-08-29 05:20:00,10, North and West
Willow,2017-08-29 05:20:00,3, North and West
Hufsmith,2017-08-29 05:20:00,3, North and West
Downtown Houston,2017-08-29 09:00:00,6, Downtown Northwest
Kingwood,2017-08-29 09:00:00,8, Northeast
Meyerland,2017-08-29 09:00:00,5, South
River Oaks,2017-08-29 09:00:00,4, Downtown South
Midtown,2017-08-29 09:00:00,6, Downtown South
Chinatown,2017-08-29 09:00:00,4, South
Clear Lake,2017-08-29 09:00:00,4, South
Greater Third Ward,2017-08-29 09:00:00,9, Downtown South
Uptown,2017-08-29 09:00:00,8, Downtown South
Museum District,2017-08-29 09:00:00,5, Downtown South
Clear Lake City,2017-08-29 09:00:00,6, South
Memorial City,2017-08-29 09:00:00,2, Downtown Northwest
Afton Oaks,2017-08-29 09:00:00,1, Downtown South
Denver Harbor,2017-08-29 09:00:00,0, Northeast
Upper Kirby,2017-08-29 09:00:00,2, Downtown South
Shepherd Park Plaza,2017-08-29 09:00:00,1, Downtown Northwest
Independence Heights,2017-08-29 09:00:00,8, Downtown Northwest
Tomball,2017-08-29 09:00:00,4, North and West
Willow,2017-08-29 09:00:00,6, North and West
Hufsmith,2017-08-29 09:00:00,10, North and West
Downtown Houston,2017-08-29 12:40:00,1, Downtown Northwest
Kingwood,2017-08-29 12:40:00,0, Northeast
Meyerland,2017-08-29 12:40:00,7, South
River Oaks,2017-08-29 12:40:00,9, Downtown South
Midtown,2017-08-29 12:40:00,5, Downtown South
Chinatown,2017-08-29 12:40:00,7, South
Clear Lake,2017-08-29 12:40:00,7, South
Greater Third Ward,2017-08-29 12:40:00,9, Downtown South
Uptown,2017-08-29 12:40:00,9, Downtown South
Museum District,2017-08-29 12:40:00,4, Downtown South
Clear Lake City,2017-08-29 12:40:00,10, South
Memorial City,2017-08-29 12:40:00,4, Downtown Northwest
Afton Oaks,2017-08-29 12:40:00,0, Downtown South
Denver Harbor,2017-08-29 12:40:00,7, Northeast
Upper Kirby,2017-08-29 12:40:00,10, Downtown South
Shepherd Park Plaza,2017-08-29 12:40:00,1, Downtown Northwest
Independence Heights,2017-08-29 12:40:00,7, Downtown Northwest
Tomball,2017-08-29 12:40:00,6, North and West
Willow,2017-08-29 12:40:00,1, North and West
Hufsmith,2017-08-29 12:40:00,9, North and West
Downtown Houston,2017-08-29 16:20:00,1, Downtown Northwest
Kingwood,2017-08-29 16:20:00,0, Northeast
Meyerland,2017-08-29 16:20:00,0, South
River Oaks,2017-08-29 16:20:00,9, Downtown South
Midtown,2017-08-29 16:20:00,8, Downtown South
Chinatown,2017-08-29 16:20:00,6, South
Clear Lake,2017-08-29 16:20:00,6, South
Greater Third Ward,2017-08-29 16:20:00,9, Downtown South
Uptown,2017-08-29 16:20:00,8, Downtown South
Museum District,2017-08-29 16:20:00,4, Downtown South
Clear Lake City,2017-08-29 16:20:00,5, South
Memorial City,2017-08-29 16:20:00,2, Downtown Northwest
Afton Oaks,2017-08-29 16:20:00,4, Downtown South
Denver Harbor,2017-08-29 16:20:00,8, Northeast
Upper Kirby,2017-08-29 16:20:00,3, Downtown South
Shepherd Park Plaza,2017-08-29 16:20:00,2, Downtown Northwest
Independence Heights,2017-08-29 16:20:00,2, Downtown Northwest
Tomball,2017-08-29 16:20:00,6, North and West
Willow,2017-08-29 16:20:00,8, North and West
Hufsmith,2017-08-29 16:20:00,2, North and West
Downtown Houston,2017-08-29 20:00:00,7, Downtown Northwest
Kingwood,2017-08-29 20:00:00,10, Northeast
Meyerland,2017-08-29 20:00:00,0, South
River Oaks,2017-08-29 20:00:00,3, Downtown South
Midtown,2017-08-29 20:00:00,2, Downtown South
Chinatown,2017-08-29 20:00:00,9, South
Clear Lake,2017-08-29 20:00:00,3, South
Greater Third Ward,2017-08-29 20:00:00,0, Downtown South
Uptown,2017-08-29 20:00:00,7, Downtown South
Museum District,2017-08-29 20:00:00,5, Downtown South
Clear Lake City,2017-08-29 20:00:00,5, South
Memorial City,2017-08-29 20:00:00,8, Downtown Northwest
Afton Oaks,2017-08-29 20:00:00,7, Downtown South
Denver Harbor,2017-08-29 20:00:00,1, Northeast
Upper Kirby,2017-08-29 20:00:00,1, Downtown South
Shepherd Park Plaza,2017-08-29 20:00:00,6, Downtown Northwest
Independence Heights,2017-08-29 20:00:00,6, Downtown Northwest
Tomball,2017-08-29 20:00:00,10, North and West
Willow,2017-08-29 20:00:00,6, North and West
Hufsmith,2017-08-29 20:00:00,5, North and West
Downtown Houston,2017-08-29 23:40:00,6, Downtown Northwest
Kingwood,2017-08-29 23:40:00,2, Northeast
Meyerland,2017-08-29 23:40:00,0, South
River Oaks,2017-08-29 23:40:00,9, Downtown South
Midtown,2017-08-29 23:40:00,5, Downtown South
Chinatown,2017-08-29 23:40:00,2, South
Clear Lake,2017-08-29 23:40:00,3, South
Greater Third Ward,2017-08-29 23:40:00,1, Downtown South
Uptown,2017-08-29 23:40:00,0, Downtown South
Museum District,2017-08-29 23:40:00,10, Downtown South
Clear Lake City,2017-08-29 23:40:00,0, South
Memorial City,2017-08-29 23:40:00,10, Downtown Northwest
Afton Oaks,2017-08-29 23:40:00,1, Downtown South
Denver Harbor,2017-08-29 23:40:00,2, Northeast
Upper Kirby,2017-08-29 23:40:00,9, Downtown South
Shepherd Park Plaza,2017-08-29 23:40:00,4, Downtown Northwest
Independence Heights,2017-08-29 23:40:00,4, Downtown Northwest
Tomball,2017-08-29 23:40:00,5, North and West
Willow,2017-08-29 23:40:00,5, North and West
Hufsmith,2017-08-29 23:40:00,9, North and West
Downtown Houston,2017-08-30 03:20:00,8, Downtown Northwest
Kingwood,2017-08-30 03:20:00,5, Northeast
Meyerland,2017-08-30 03:20:00,2, South
River Oaks,2017-08-30 03:20:00,4, Downtown South
Midtown,2017-08-30 03:20:00,5, Downtown South
Chinatown,2017-08-30 03:20:00,0, South
Clear Lake,2017-08-30 03:20:00,10, South
Greater Third Ward,2017-08-30 03:20:00,6, Downtown South
Uptown,2017-08-30 03:20:00,10, Downtown South
Museum District,2017-08-30 03:20:00,8, Downtown South
Clear Lake City,2017-08-30 03:20:00,0, South
Memorial City,2017-08-30 03:20:00,10, Downtown Northwest
Afton Oaks,2017-08-30 03:20:00,5, Downtown South
Denver Harbor,2017-08-30 03:20:00,5, Northeast
Upper Kirby,2017-08-30 03:20:00,5, Downtown South
Shepherd Park Plaza,2017-08-30 03:20:00,7, Downtown Northwest
Independence Heights,2017-08-30 03:20:00,6, Downtown Northwest
Tomball,2017-08-30 03:20:00,2, North and West
Willow,2017-08-30 03:20:00,4, North and West
Hufsmith,2017-08-30 03:20:00,2, North and West
Downtown Houston,2017-08-30 07:00:00,8, Downtown Northwest
Kingwood,2017-08-30 07:00:00,0, Northeast
Meyerland,2017-08-30 07:00:00,5, South
River Oaks,2017-08-30 07:00:00,7, Downtown South
Midtown,2017-08-30 07:00:00,2, Downtown South
Chinatown,2017-08-30 07:00:00,7, South
Clear Lake,2017-08-30 07:00:00,2, South
Greater Third Ward,2017-08-30 07:00:00,0, Downtown South
Uptown,2017-08-30 07:00:00,8, Downtown South
Museum District,2017-08-30 07:00:00,10, Downtown South
Clear Lake City,2017-08-30 07:00:00,1, South
Memorial City,2017-08-30 07:00:00,9, Downtown Northwest
Afton Oaks,2017-08-30 07:00:00,6, Downtown South
Denver Harbor,2017-08-30 07:00:00,6, Northeast
Upper Kirby,2017-08-30 07:00:00,9, Downtown South
Shepherd Park Plaza,2017-08-30 07:00:00,3, Downtown Northwest
Independence Heights,2017-08-30 07:00:00,7, Downtown Northwest
Tomball,2017-08-30 07:00:00,1, North and West
Willow,2017-08-30 07:00:00,0, North and West
Hufsmith,2017-08-30 07:00:00,1, North and West
Downtown Houston,2017-08-30 10:40:00,1, Downtown Northwest
Kingwood,2017-08-30 10:40:00,0, Northeast
Meyerland,2017-08-30 10:40:00,3, South
River Oaks,2017-08-30 10:40:00,8, Downtown South
Midtown,2017-08-30 10:40:00,3, Downtown South
Chinatown,2017-08-30 10:40:00,5, South
Clear Lake,2017-08-30 10:40:00,4, South
Greater Third Ward,2017-08-30 10:40:00,0, Downtown South
Uptown,2017-08-30 10:40:00,10, Downtown South
Museum District,2017-08-30 10:40:00,1, Downtown South
Clear Lake City,2017-08-30 10:40:00,4, South
Memorial City,2017-08-30 10:40:00,2, Downtown Northwest
Afton Oaks,2017-08-30 10:40:00,9, Downtown South
Denver Harbor,2017-08-30 10:40:00,6, Northeast
Upper Kirby,2017-08-30 10:40:00,4, Downtown South
Shepherd Park Plaza,2017-08-30 10:40:00,0, Downtown Northwest
Independence Heights,2017-08-30 10:40:00,7, Downtown Northwest
Tomball,2017-08-30 10:40:00,9, North and West
Willow,2017-08-30 10:40:00,8, North and West
Hufsmith,2017-08-30 10:40:00,4, North and West
Downtown Houston,2017-08-30 14:20:00,0, Downtown Northwest
Kingwood,2017-08-30 14:20:00,5, Northeast
Meyerland,2017-08-30 14:20:00,0, South
River Oaks,2017-08-30 14:20:00,2, Downtown South
Midtown,2017-08-30 14:20:00,3, Downtown South
Chinatown,2017-08-30 14:20:00,3, South
Clear Lake,2017-08-30 14:20:00,6, South
Greater Third Ward,2017-08-30 14:20:00,0, Downtown South
Uptown,2017-08-30 14:20:00,7, Downtown South
Museum District,2017-08-30 14:20:00,5, Downtown South
Clear Lake City,2017-08-30 14:20:00,4, South
Memorial City,2017-08-30 14:20:00,1, Downtown Northwest
Afton Oaks,2017-08-30 14:20:00,4, Downtown South
Denver Harbor,2017-08-30 14:20:00,3, Northeast
Upper Kirby,2017-08-30 14:20:00,7, Downtown South
Shepherd Park Plaza,2017-08-30 14:20:00,8, Downtown Northwest
Independence Heights,2017-08-30 14:20:00,8, Downtown Northwest
Tomball,2017-08-30 14:20:00,5, North and West
Willow,2017-08-30 14:20:00,9, North and West
Hufsmith,2017-08-30 14:20:00,4, North and West
Downtown Houston,2017-08-30 18:00:00,2, Downtown Northwest
Kingwood,2017-08-30 18:00:00,6, Northeast
Meyerland,2017-08-30 18:00:00,1, South
River Oaks,2017-08-30 18:00:00,6, Downtown South
Midtown,2017-08-30 18:00:00,7, Downtown South
Chinatown,2017-08-30 18:00:00,4, South
Clear Lake,2017-08-30 18:00:00,0, South
Greater Third Ward,2017-08-30 18:00:00,4, Downtown South
Uptown,2017-08-30 18:00:00,0, Downtown South
Museum District,2017-08-30 18:00:00,2, Downtown South
Clear Lake City,2017-08-30 18:00:00,10, South
Memorial City,2017-08-30 18:00:00,4, Downtown Northwest
Afton Oaks,2017-08-30 18:00:00,9, Downtown South
Denver Harbor,2017-08-30 18:00:00,4, Northeast
Upper Kirby,2017-08-30 18:00:00,1, Downtown South
Shepherd Park Plaza,2017-08-30 18:00:00,2, Downtown Northwest
Independence Heights,2017-08-30 18:00:00,9, Downtown Northwest
Tomball,2017-08-30 18:00:00,7, North and West
Willow,2017-08-30 18:00:00,10, North and West
Hufsmith,2017-08-30 18:00:00,5, North and West
Downtown Houston,2017-08-30 21:40:00,10, Downtown Northwest
Kingwood,2017-08-30 21:40:00,4, Northeast
Meyerland,2017-08-30 21:40:00,4, South
River Oaks,2017-08-30 21:40:00,0, Downtown South
Midtown,2017-08-30 21:40:00,9, Downtown South
Chinatown,2017-08-30 21:40:00,8, South
Clear Lake,2017-08-30 21:40:00,6, South
Greater Third Ward,2017-08-30 21:40:00,10, Downtown South
Uptown,2017-08-30 21:40:00,8, Downtown South
Museum District,2017-08-30 21:40:00,8, Downtown South
Clear Lake City,2017-08-30 21:40:00,0, South
Memorial City,2017-08-30 21:40:00,5, Downtown Northwest
Afton Oaks,2017-08-30 21:40:00,2, Downtown South
Denver Harbor,2017-08-30 21:40:00,8, Northeast
Upper Kirby,2017-08-30 21:40:00,3, Downtown South
Shepherd Park Plaza,2017-08-30 21:40:00,2, Downtown Northwest
Independence Heights,2017-08-30 21:40:00,8, Downtown Northwest
Tomball,2017-08-30 21:40:00,5, North and West
Willow,2017-08-30 21:40:00,5, North and West
Hufsmith,2017-08-30 21:40:00,0, North and West
Downtown Houston,2017-08-31 01:20:00,9, Downtown Northwest
Kingwood,2017-08-31 01:20:00,9, Northeast
Meyerland,2017-08-31 01:20:00,10, South
River Oaks,2017-08-31 01:20:00,4, Downtown South
Midtown,2017-08-31 01:20:00,2, Downtown South
Chinatown,2017-08-31 01:20:00,9, South
Clear Lake,2017-08-31 01:20:00,7, South
Greater Third Ward,2017-08-31 01:20:00,0, Downtown South
Uptown,2017-08-31 01:20:00,5, Downtown South
Museum District,2017-08-31 01:20:00,0, Downtown South
Clear Lake City,2017-08-31 01:20:00,5, South
Memorial City,2017-08-31 01:20:00,8, Downtown Northwest
Afton Oaks,2017-08-31 01:20:00,3, Downtown South
Denver Harbor,2017-08-31 01:20:00,0, Northeast
Upper Kirby,2017-08-31 01:20:00,7, Downtown South
Shepherd Park Plaza,2017-08-31 01:20:00,8, Downtown Northwest
Independence Heights,2017-08-31 01:20:00,3, Downtown Northwest
Tomball,2017-08-31 01:20:00,8, North and West
Willow,2017-08-31 01:20:00,6, North and West
Hufsmith,2017-08-31 01:20:00,9, North and West
Downtown Houston,2017-08-31 05:00:00,7, Downtown Northwest
Kingwood,2017-08-31 05:00:00,4, Northeast
Meyerland,2017-08-31 05:00:00,0, South
River Oaks,2017-08-31 05:00:00,5, Downtown South
Midtown,2017-08-31 05:00:00,0, Downtown South
Chinatown,2017-08-31 05:00:00,3, South
Clear Lake,2017-08-31 05:00:00,5, South
Greater Third Ward,2017-08-31 05:00:00,6, Downtown South
Uptown,2017-08-31 05:00:00,7, Downtown South
Museum District,2017-08-31 05:00:00,1, Downtown South
Clear Lake City,2017-08-31 05:00:00,9, South
Memorial City,2017-08-31 05:00:00,2, Downtown Northwest
Afton Oaks,2017-08-31 05:00:00,3, Downtown South
Denver Harbor,2017-08-31 05:00:00,4, Northeast
Upper Kirby,2017-08-31 05:00:00,1, Downtown South
Shepherd Park Plaza,2017-08-31 05:00:00,6, Downtown Northwest
Independence Heights,2017-08-31 05:00:00,2, Downtown Northwest
Tomball,2017-08-31 05:00:00,7, North and West
Willow,2017-08-31 05:00:00,0, North and West
Hufsmith,2017-08-31 05:00:00,9, North and West
Downtown Houston,2017-08-31 08:40:00,3, Downtown Northwest
Kingwood,2017-08-31 08:40:00,0, Northeast
Meyerland,2017-08-31 08:40:00,6, South
River Oaks,2017-08-31 08:40:00,8, Downtown South
Midtown,2017-08-31 08:40:00,7, Downtown South
Chinatown,2017-08-31 08:40:00,4, South
Clear Lake,2017-08-31 08:40:00,5, South
Greater Third Ward,2017-08-31 08:40:00,0, Downtown South
Uptown,2017-08-31 08:40:00,4, Downtown South
Museum District,2017-08-31 08:40:00,1, Downtown South
Clear Lake City,2017-08-31 08:40:00,8, South
Memorial City,2017-08-31 08:40:00,2, Downtown Northwest
Afton Oaks,2017-08-31 08:40:00,1, Downtown South
Denver Harbor,2017-08-31 08:40:00,2, Northeast
Upper Kirby,2017-08-31 08:40:00,6, Downtown South
Shepherd Park Plaza,2017-08-31 08:40:00,5, Downtown Northwest
Independence Heights,2017-08-31 08:40:00,3, Downtown Northwest
Tomball,2017-08-31 08:40:00,4, North and West
Willow,2017-08-31 08:40:00,10, North and West
Hufsmith,2017-08-31 08:40:00,8, North and West
Downtown Houston,2017-08-31 12:20:00,0, Downtown Northwest
Kingwood,2017-08-31 12:20:00,8, Northeast
Meyerland,2017-08-31 12:20:00,2, South
River Oaks,2017-08-31 12:20:00,0, Downtown South
Midtown,2017-08-31 12:20:00,2, Downtown South
Chinatown,2017-08-31 12:20:00,7, South
Clear Lake,2017-08-31 12:20:00,1, South
Greater Third Ward,2017-08-31 12:20:00,10, Downtown South
Uptown,2017-08-31 12:20:00,2, Downtown South
Museum District,2017-08-31 12:20:00,10, Downtown South
Clear Lake City,2017-08-31 12:20:00,4, South
Memorial City,2017-08-31 12:20:00,3, Downtown Northwest
Afton Oaks,2017-08-31 12:20:00,9, Downtown South
Denver Harbor,2017-08-31 12:20:00,10, Northeast
Upper Kirby,2017-08-31 12:20:00,6, Downtown South
Shepherd Park Plaza,2017-08-31 12:20:00,3, Downtown Northwest
Independence Heights,2017-08-31 12:20:00,7, Downtown Northwest
Tomball,2017-08-31 12:20:00,3, North and West
Willow,2017-08-31 12:20:00,6, North and West
Hufsmith,2017-08-31 12:20:00,8, North and West
Downtown Houston,2017-08-31 16:00:00,10, Downtown Northwest
Kingwood,2017-08-31 16:00:00,4, Northeast
Meyerland,2017-08-31 16:00:00,10, South
River Oaks,2017-08-31 16:00:00,8, Downtown South
Midtown,2017-08-31 16:00:00,2, Downtown South
Chinatown,2017-08-31 16:00:00,1, South
Clear Lake,2017-08-31 16:00:00,5, South
Greater Third Ward,2017-08-31 16:00:00,0, Downtown South
Uptown,2017-08-31 16:00:00,4, Downtown South
Museum District,2017-08-31 16:00:00,9, Downtown South
Clear Lake City,2017-08-31 16:00:00,8, South
Memorial City,2017-08-31 16:00:00,7, Downtown Northwest
Afton Oaks,2017-08-31 16:00:00,8, Downtown South
Denver Harbor,2017-08-31 16:00:00,9, Northeast
Upper Kirby,2017-08-31 16:00:00,2, Downtown South
Shepherd Park Plaza,2017-08-31 16:00:00,3, Downtown Northwest
Independence Heights,2017-08-31 16:00:00,7, Downtown Northwest
Tomball,2017-08-31 16:00:00,1, North and West
Willow,2017-08-31 16:00:00,10, North and West
Hufsmith,2017-08-31 16:00:00,3, North and West
Downtown Houston,2017-08-31 19:40:00,5, Downtown Northwest
Kingwood,2017-08-31 19:40:00,8, Northeast
Meyerland,2017-08-31 19:40:00,9, South
River Oaks,2017-08-31 19:40:00,4, Downtown South
Midtown,2017-08-31 19:40:00,5, Downtown South
Chinatown,2017-08-31 19:40:00,4, South
Clear Lake,2017-08-31 19:40:00,9, South
Greater Third Ward,2017-08-31 19:40:00,8, Downtown South
Uptown,2017-08-31 19:40:00,7, Downtown South
Museum District,2017-08-31 19:40:00,2, Downtown South
Clear Lake City,2017-08-31 19:40:00,4, South
Memorial City,2017-08-31 19:40:00,8, Downtown Northwest
Afton Oaks,2017-08-31 19:40:00,9, Downtown South
Denver Harbor,2017-08-31 19:40:00,5, Northeast
Upper Kirby,2017-08-31 19:40:00,7, Downtown South
Shepherd Park Plaza,2017-08-31 19:40:00,0, Downtown Northwest
Independence Heights,2017-08-31 19:40:00,2, Downtown Northwest
Tomball,2017-08-31 19:40:00,3, North and West
Willow,2017-08-31 19:40:00,0, North and West
Hufsmith,2017-08-31 19:40:00,6, North and West
Downtown Houston,2017-08-31 23:20:00,5, Downtown Northwest
Kingwood,2017-08-31 23:20:00,10, Northeast
Meyerland,2017-08-31 23:20:00,10, South
River Oaks,2017-08-31 23:20:00,3, Downtown South
Midtown,2017-08-31 23:20:00,8, Downtown South
Chinatown,2017-08-31 23:20:00,9, South
Clear Lake,2017-08-31 23:20:00,8, South
Greater Third Ward,2017-08-31 23:20:00,0, Downtown South
Uptown,2017-08-31 23:20:00,4, Downtown South
Museum District,2017-08-31 23:20:00,1, Downtown South
Clear Lake City,2017-08-31 23:20:00,6, South
Memorial City,2017-08-31 23:20:00,2, Downtown Northwest
Afton Oaks,2017-08-31 23:20:00,9, Downtown South
Denver Harbor,2017-08-31 23:20:00,7, Northeast
Upper Kirby,2017-08-31 23:20:00,4, Downtown South
Shepherd Park Plaza,2017-08-31 23:20:00,10, Downtown Northwest
Independence Heights,2017-08-31 23:20:00,3, Downtown Northwest
Tomball,2017-08-31 23:20:00,0, North and West
Willow,2017-08-31 23:20:00,6, North and West
Hufsmith,2017-08-31 23:20:00,10, North and West
Downtown Houston,2017-09-01 03:00:00,4, Downtown Northwest
Kingwood,2017-09-01 03:00:00,10, Northeast
Meyerland,2017-09-01 03:00:00,10, South
River Oaks,2017-09-01 03:00:00,8, Downtown South
Midtown,2017-09-01 03:00:00,10, Downtown South
Chinatown,2017-09-01 03:00:00,1, South
Clear Lake,2017-09-01 03:00:00,7, South
Greater Third Ward,2017-09-01 03:00:00,0, Downtown South
Uptown,2017-09-01 03:00:00,10, Downtown South
Museum District,2017-09-01 03:00:00,2, Downtown South
Clear Lake City,2017-09-01 03:00:00,6, South
Memorial City,2017-09-01 03:00:00,2, Downtown Northwest
Afton Oaks,2017-09-01 03:00:00,1, Downtown South
Denver Harbor,2017-09-01 03:00:00,8, Northeast
Upper Kirby,2017-09-01 03:00:00,7, Downtown South
Shepherd Park Plaza,2017-09-01 03:00:00,0, Downtown Northwest
Independence Heights,2017-09-01 03:00:00,2, Downtown Northwest
Tomball,2017-09-01 03:00:00,3, North and West
Willow,2017-09-01 03:00:00,8, North and West
Hufsmith,2017-09-01 03:00:00,2, North and West
Downtown Houston,2017-09-01 06:40:00,3, Downtown Northwest
Kingwood,2017-09-01 06:40:00,2, Northeast
Meyerland,2017-09-01 06:40:00,8, South
River Oaks,2017-09-01 06:40:00,6, Downtown South
Midtown,2017-09-01 06:40:00,7, Downtown South
Chinatown,2017-09-01 06:40:00,9, South
Clear Lake,2017-09-01 06:40:00,7, South
Greater Third Ward,2017-09-01 06:40:00,4, Downtown South
Uptown,2017-09-01 06:40:00,3, Downtown South
Museum District,2017-09-01 06:40:00,1, Downtown South
Clear Lake City,2017-09-01 06:40:00,10, South
Memorial City,2017-09-01 06:40:00,10, Downtown Northwest
Afton Oaks,2017-09-01 06:40:00,1, Downtown South
Denver Harbor,2017-09-01 06:40:00,9, Northeast
Upper Kirby,2017-09-01 06:40:00,2, Downtown South
Shepherd Park Plaza,2017-09-01 06:40:00,7, Downtown Northwest
Independence Heights,2017-09-01 06:40:00,6, Downtown Northwest
Tomball,2017-09-01 06:40:00,4, North and West
Willow,2017-09-01 06:40:00,8, North and West
Hufsmith,2017-09-01 06:40:00,6, North and West
Downtown Houston,2017-09-01 10:20:00,6, Downtown Northwest
Kingwood,2017-09-01 10:20:00,6, Northeast
Meyerland,2017-09-01 10:20:00,6, South
River Oaks,2017-09-01 10:20:00,4, Downtown South
Midtown,2017-09-01 10:20:00,2, Downtown South
Chinatown,2017-09-01 10:20:00,0, South
Clear Lake,2017-09-01 10:20:00,1, South
Greater Third Ward,2017-09-01 10:20:00,8, Downtown South
Uptown,2017-09-01 10:20:00,10, Downtown South
Museum District,2017-09-01 10:20:00,2, Downtown South
Clear Lake City,2017-09-01 10:20:00,0, South
Memorial City,2017-09-01 10:20:00,3, Downtown Northwest
Afton Oaks,2017-09-01 10:20:00,7, Downtown South
Denver Harbor,2017-09-01 10:20:00,0, Northeast
Upper Kirby,2017-09-01 10:20:00,2, Downtown South
Shepherd Park Plaza,2017-09-01 10:20:00,6, Downtown Northwest
Independence Heights,2017-09-01 10:20:00,5, Downtown Northwest
Tomball,2017-09-01 10:20:00,6, North and West
Willow,2017-09-01 10:20:00,3, North and West
Hufsmith,2017-09-01 10:20:00,2, North and West
Downtown Houston,2017-09-01 14:00:00,8, Downtown Northwest
Kingwood,2017-09-01 14:00:00,5, Northeast
Meyerland,2017-09-01 14:00:00,9, South
River Oaks,2017-09-01 14:00:00,2, Downtown South
Midtown,2017-09-01 14:00:00,2, Downtown South
Chinatown,2017-09-01 14:00:00,8, South
Clear Lake,2017-09-01 14:00:00,4, South
Greater Third Ward,2017-09-01 14:00:00,4, Downtown South
Uptown,2017-09-01 14:00:00,1, Downtown South
Museum District,2017-09-01 14:00:00,4, Downtown South
Clear Lake City,2017-09-01 14:00:00,8, South
Memorial City,2017-09-01 14:00:00,9, Downtown Northwest
Afton Oaks,2017-09-01 14:00:00,7, Downtown South
Denver Harbor,2017-09-01 14:00:00,10, Northeast
Upper Kirby,2017-09-01 14:00:00,0, Downtown South
Shepherd Park Plaza,2017-09-01 14:00:00,0, Downtown Northwest
Independence Heights,2017-09-01 14:00:00,0, Downtown Northwest
Tomball,2017-09-01 14:00:00,7, North and West
Willow,2017-09-01 14:00:00,6, North and West
Hufsmith,2017-09-01 14:00:00,7, North and West
Downtown Houston,2017-09-01 17:40:00,3, Downtown Northwest
Kingwood,2017-09-01 17:40:00,9, Northeast
Meyerland,2017-09-01 17:40:00,8, South
River Oaks,2017-09-01 17:40:00,0, Downtown South
Midtown,2017-09-01 17:40:00,7, Downtown South
Chinatown,2017-09-01 17:40:00,4, South
Clear Lake,2017-09-01 17:40:00,4, South
Greater Third Ward,2017-09-01 17:40:00,5, Downtown South
Uptown,2017-09-01 17:40:00,1, Downtown South
Museum District,2017-09-01 17:40:00,5, Downtown South
Clear Lake City,2017-09-01 17:40:00,8, South
Memorial City,2017-09-01 17:40:00,0, Downtown Northwest
Afton Oaks,2017-09-01 17:40:00,0, Downtown South
Denver Harbor,2017-09-01 17:40:00,0, Northeast
Upper Kirby,2017-09-01 17:40:00,6, Downtown South
Shepherd Park Plaza,2017-09-01 17:40:00,5, Downtown Northwest
Independence Heights,2017-09-01 17:40:00,6, Downtown Northwest
Tomball,2017-09-01 17:40:00,8, North and West
Willow,2017-09-01 17:40:00,2, North and West
Hufsmith,2017-09-01 17:40:00,10, North and West
Downtown Houston,2017-09-01 21:20:00,2, Downtown Northwest
Kingwood,2017-09-01 21:20:00,6, Northeast
Meyerland,2017-09-01 21:20:00,1, South
River Oaks,2017-09-01 21:20:00,10, Downtown South
Midtown,2017-09-01 21:20:00,5, Downtown South
Chinatown,2017-09-01 21:20:00,10, South
Clear Lake,2017-09-01 21:20:00,10, South
Greater Third Ward,2017-09-01 21:20:00,3, Downtown South
Uptown,2017-09-01 21:20:00,8, Downtown South
Museum District,2017-09-01 21:20:00,1, Downtown South
Clear Lake City,2017-09-01 21:20:00,9, South
Memorial City,2017-09-01 21:20:00,0, Downtown Northwest
Afton Oaks,2017-09-01 21:20:00,1, Downtown South
Denver Harbor,2017-09-01 21:20:00,10, Northeast
Upper Kirby,2017-09-01 21:20:00,1, Downtown South
Shepherd Park Plaza,2017-09-01 21:20:00,5, Downtown Northwest
Independence Heights,2017-09-01 21:20:00,3, Downtown Northwest
Tomball,2017-09-01 21:20:00,10, North and West
Willow,2017-09-01 21:20:00,6, North and West
Hufsmith,2017-09-01 21:20:00,10, North and West
Downtown Houston,2017-09-02 01:00:00,9, Downtown Northwest
Kingwood,2017-09-02 01:00:00,9, Northeast
Meyerland,2017-09-02 01:00:00,5, South
River Oaks,2017-09-02 01:00:00,0, Downtown South
Midtown,2017-09-02 01:00:00,4, Downtown South
Chinatown,2017-09-02 01:00:00,4, South
Clear Lake,2017-09-02 01:00:00,1, South
Greater Third Ward,2017-09-02 01:00:00,6, Downtown South
Uptown,2017-09-02 01:00:00,6, Downtown South
Museum District,2017-09-02 01:00:00,6, Downtown South
Clear Lake City,2017-09-02 01:00:00,8, South
Memorial City,2017-09-02 01:00:00,9, Downtown Northwest
Afton Oaks,2017-09-02 01:00:00,8, Downtown South
Denver Harbor,2017-09-02 01:00:00,6, Northeast
Upper Kirby,2017-09-02 01:00:00,10, Downtown South
Shepherd Park Plaza,2017-09-02 01:00:00,0, Downtown Northwest
Independence Heights,2017-09-02 01:00:00,3, Downtown Northwest
Tomball,2017-09-02 01:00:00,2, North and West
Willow,2017-09-02 01:00:00,0, North and West
Hufsmith,2017-09-02 01:00:00,7, North and West
Downtown Houston,2017-09-02 04:40:00,3, Downtown Northwest
Kingwood,2017-09-02 04:40:00,3, Northeast
Meyerland,2017-09-02 04:40:00,6, South
River Oaks,2017-09-02 04:40:00,6, Downtown South
Midtown,2017-09-02 04:40:00,10, Downtown South
Chinatown,2017-09-02 04:40:00,7, South
Clear Lake,2017-09-02 04:40:00,1, South
Greater Third Ward,2017-09-02 04:40:00,7, Downtown South
Uptown,2017-09-02 04:40:00,10, Downtown South
Museum District,2017-09-02 04:40:00,0, Downtown South
Clear Lake City,2017-09-02 04:40:00,1, South
Memorial City,2017-09-02 04:40:00,9, Downtown Northwest
Afton Oaks,2017-09-02 04:40:00,5, Downtown South
Denver Harbor,2017-09-02 04:40:00,3, Northeast
Upper Kirby,2017-09-02 04:40:00,2, Downtown South
Shepherd Park Plaza,2017-09-02 04:40:00,4, Downtown Northwest
Independence Heights,2017-09-02 04:40:00,2, Downtown Northwest
Tomball,2017-09-02 04:40:00,7, North and West
Willow,2017-09-02 04:40:00,7, North and West
Hufsmith,2017-09-02 04:40:00,3, North and West
Downtown Houston,2017-09-02 08:20:00,6, Downtown Northwest
Kingwood,2017-09-02 08:20:00,3, Northeast
Meyerland,2017-09-02 08:20:00,0, South
River Oaks,2017-09-02 08:20:00,5, Downtown South
Midtown,2017-09-02 08:20:00,0, Downtown South
Chinatown,2017-09-02 08:20:00,7, South
Clear Lake,2017-09-02 08:20:00,5, South
Greater Third Ward,2017-09-02 08:20:00,8, Downtown South
Uptown,2017-09-02 08:20:00,8, Downtown South
Museum District,2017-09-02 08:20:00,2, Downtown South
Clear Lake City,2017-09-02 08:20:00,7, South
Memorial City,2017-09-02 08:20:00,0, Downtown Northwest
Afton Oaks,2017-09-02 08:20:00,9, Downtown South
Denver Harbor,2017-09-02 08:20:00,4, Northeast
Upper Kirby,2017-09-02 08:20:00,4, Downtown South
Shepherd Park Plaza,2017-09-02 08:20:00,3, Downtown Northwest
Independence Heights,2017-09-02 08:20:00,1, Downtown Northwest
Tomball,2017-09-02 08:20:00,2, North and West
Willow,2017-09-02 08:20:00,7, North and West
Hufsmith,2017-09-02 08:20:00,4, North and West
Downtown Houston,2017-09-02 12:00:00,3, Downtown Northwest
Kingwood,2017-09-02 12:00:00,1, Northeast
Meyerland,2017-09-02 12:00:00,5, South
River Oaks,2017-09-02 12:00:00,4, Downtown South
Midtown,2017-09-02 12:00:00,1, Downtown South
Chinatown,2017-09-02 12:00:00,2, South
Clear Lake,2017-09-02 12:00:00,6, South
Greater Third Ward,2017-09-02 12:00:00,9, Downtown South
Uptown,2017-09-02 12:00:00,0, Downtown South
Museum District,2017-09-02 12:00:00,3, Downtown South
Clear Lake City,2017-09-02 12:00:00,9, South
Memorial City,2017-09-02 12:00:00,10, Downtown Northwest
Afton Oaks,2017-09-02 12:00:00,4, Downtown South
Denver Harbor,2017-09-02 12:00:00,7, Northeast
Upper Kirby,2017-09-02 12:00:00,5, Downtown South
Shepherd Park Plaza,2017-09-02 12:00:00,5, Downtown Northwest
Independence Heights,2017-09-02 12:00:00,8, Downtown Northwest
Tomball,2017-09-02 12:00:00,2, North and West
Willow,2017-09-02 12:00:00,8, North and West
Hufsmith,2017-09-02 12:00:00,0, North and West
Downtown Houston,2017-09-02 15:40:00,8, Downtown Northwest
Kingwood,2017-09-02 15:40:00,3, Northeast
Meyerland,2017-09-02 15:40:00,7, South
River Oaks,2017-09-02 15:40:00,8, Downtown South
Midtown,2017-09-02 15:40:00,8, Downtown South
Chinatown,2017-09-02 15:40:00,2, South
Clear Lake,2017-09-02 15:40:00,4, South
Greater Third Ward,2017-09-02 15:40:00,9, Downtown South
Uptown,2017-09-02 15:40:00,8, Downtown South
Museum District,2017-09-02 15:40:00,7, Downtown South
Clear Lake City,2017-09-02 15:40:00,5, South
Memorial City,2017-09-02 15:40:00,8, Downtown Northwest
Afton Oaks,2017-09-02 15:40:00,10, Downtown South
Denver Harbor,2017-09-02 15:40:00,7, Northeast
Upper Kirby,2017-09-02 15:40:00,2, Downtown South
Shepherd Park Plaza,2017-09-02 15:40:00,7, Downtown Northwest
Independence Heights,2017-09-02 15:40:00,5, Downtown Northwest
Tomball,2017-09-02 15:40:00,9, North and West
Willow,2017-09-02 15:40:00,4, North and West
Hufsmith,2017-09-02 15:40:00,8, North and West
